Player,Age,Team,PTS,TRB,AST,MP,Breakout_Probability
Jaylin Williams,21.0,OKC,4.0,3.4,1.6,13.0,0.8511194608705683
Max Christie,20.0,LAL,4.2,2.1,0.9,14.1,0.8324828560047286
Ousmane Dieng,20.0,OKC,4.0,1.5,1.1,11.1,0.8260828577327077
Jaden Hardy,21.0,DAL,7.3,1.8,1.5,13.5,0.8130875467578558
Dominick Barlow,20.0,SAS,4.4,3.4,1.1,12.7,0.8071648632296786
Blake Wesley,20.0,SAS,4.4,1.5,2.7,14.4,0.7982191318903011
Trendon Watford,23.0,BRK,6.9,3.1,1.3,13.6,0.7842385651519963
Dyson Daniels,20.0,NOP,5.8,3.9,2.7,22.3,0.7828734971089597
Cole Anthony,23.0,ORL,11.6,3.8,2.9,22.4,0.7770574042005731
Isaiah Jackson,22.0,IND,6.5,4.0,0.8,13.1,0.7653367723091095
Malaki Branham,20.0,SAS,9.2,2.0,2.1,21.3,0.7633801933751968
Johnny Davis,21.0,WAS,3.0,1.4,0.6,12.3,0.7591696856545874
Moses Moody,21.0,GSW,8.1,3.0,0.9,17.5,0.7578689799262464
James Wiseman,22.0,DET,7.1,5.3,0.9,17.3,0.7435469851311337
Bryce McGowens,21.0,CHO,5.1,1.7,0.9,14.9,0.7295916502582372
Jarred Vanderbilt,24.0,LAL,5.2,4.8,1.2,20.0,0.7147347812010163
JT Thor,21.0,CHO,3.2,2.3,0.5,12.4,0.7140868274217316
Day'Ron Sharpe,22.0,BRK,6.8,6.4,1.4,15.1,0.7127521514509255
Jaxson Hayes,23.0,LAL,4.3,3.0,0.5,12.5,0.7083549923116991
Brandon Boston Jr.,22.0,LAC,5.2,1.6,0.4,10.8,0.6990984264983896
Christian Braun,22.0,DEN,7.3,3.7,1.6,20.2,0.6928627227250372
Caleb Houstan,21.0,ORL,4.3,1.4,0.5,13.8,0.6806759752655154
Bones Hyland,23.0,LAC,6.9,1.5,2.5,14.6,0.6711784781539072
David Roddy,22.0,PHO,6.5,3.2,1.2,18.1,0.6582483683273815
Walker Kessler,22.0,UTA,8.1,7.5,0.9,23.3,0.65779057879117
Bol Bol,24.0,PHO,5.2,3.2,0.4,10.9,0.6533762997820938
Isaiah Joe,24.0,OKC,8.2,2.3,1.3,18.5,0.6315156139693328
Bennedict Mathurin,21.0,IND,14.5,4.0,2.0,26.1,0.627286838840136
Ziaire Williams,22.0,MEM,8.2,3.5,1.5,20.4,0.6192076628508423
Tari Eason,22.0,HOU,9.8,7.0,1.2,21.8,0.6143580610594106
MarJon Beauchamp,23.0,MIL,4.4,2.1,0.6,12.7,0.6109506268261263
Talen Horton-Tucker,23.0,UTA,10.1,2.4,3.5,19.8,0.6080263411694163
Jabari Walker,21.0,POR,8.9,7.1,1.0,23.6,0.6034828960443279
Onyeka Okongwu,23.0,ATL,10.2,6.8,1.3,25.5,0.5960215713570194
Josh Giddey,21.0,OKC,12.3,6.4,4.8,25.1,0.5891543948981947
Paul Reed,24.0,PHI,7.3,6.0,1.3,19.4,0.5723701560529585
Quentin Grimes,23.0,DET,7.0,2.0,1.3,20.1,0.5659103546020499
Naz Reid,24.0,MIN,13.5,5.2,1.3,24.2,0.5517804907160127
Ochai Agbaji,23.0,TOR,5.8,2.8,1.1,21.0,0.5387852634510816
Jalen Smith,23.0,IND,9.9,5.5,1.0,17.2,0.5231543464607299
Jalen Duren,20.0,DET,13.8,11.6,2.4,29.1,0.5215334029918098
Precious Achiuwa,24.0,NYK,7.6,6.6,1.3,21.9,0.519660203849518
Jake LaRavia,22.0,MEM,10.8,3.7,1.7,23.0,0.5123707827707122
LaMelo Ball,22.0,CHO,23.9,5.1,8.0,32.3,0.509956751046892
Jaden Ivey,21.0,DET,15.4,3.4,3.8,28.8,0.5076200145504517
Jonathan Kuminga,21.0,GSW,16.1,4.8,2.2,26.3,0.506992460884953
Jeremy Sochan,20.0,SAS,11.6,6.4,3.4,29.6,0.492494017014662
Miles McBride,23.0,NYK,8.3,1.5,1.7,19.5,0.4909645536159367
Kevin Knox,24.0,DET,7.2,2.4,0.7,18.1,0.4833583605975532
Shaedon Sharpe,20.0,POR,15.9,5.0,2.9,33.1,0.4792227642267582
Cam Reddish,24.0,LAL,5.4,2.1,1.0,20.5,0.4790626159682969
Patrick Williams,22.0,CHI,10.0,3.9,1.5,27.3,0.46982381995864486
Killian Hayes,22.0,DET,6.9,2.8,4.9,24.0,0.45190299630695074
Goga Bitadze,24.0,ORL,5.0,4.6,1.3,15.4,0.4417275317389051
Tre Mann,22.0,CHO,9.3,3.6,4.0,24.1,0.4373150286748844
Marvin Bagley III,24.0,WAS,11.7,6.2,1.1,21.1,0.43297759785626744
Josh Green,23.0,DAL,8.2,3.2,2.3,26.4,0.4058660937102427
Dalano Banton,24.0,POR,10.3,3.3,2.4,19.4,0.4029583431783385
Jabari Smith Jr.,20.0,HOU,13.7,8.1,1.6,31.9,0.4020267877648268
Jalen Suggs,22.0,ORL,12.6,3.1,2.7,27.0,0.37892278484461744
Wendell Carter Jr.,24.0,ORL,11.0,6.9,1.7,25.6,0.37834655059772754
Tre Jones,24.0,SAS,10.0,3.8,6.2,27.8,0.3693703171130691
Andrew Nembhard,24.0,IND,9.2,2.1,4.1,25.0,0.36597659943956895
Keldon Johnson,24.0,SAS,15.7,5.5,2.8,29.5,0.3630539352625072
Isaiah Stewart,22.0,DET,10.9,6.6,1.6,30.9,0.36234085353730316
Vit Krejci,23.0,ATL,6.1,2.4,2.3,24.6,0.3511323624267511
Evan Mobley,22.0,CLE,15.7,9.4,3.2,30.6,0.350564041624095
Corey Kispert,24.0,WAS,13.4,2.8,2.0,25.8,0.34136047730909375
Zion Williamson,23.0,NOP,22.9,5.8,5.0,31.5,0.33180960284783206
Jaden McDaniels,23.0,MIN,10.5,3.1,1.4,29.2,0.3289571260693841
Isaac Okoro,23.0,CLE,9.4,3.0,1.9,27.3,0.3211125280468063
Jalen Green,21.0,HOU,19.6,5.2,3.5,31.7,0.31599693770772447
Ayo Dosunmu,24.0,CHI,12.2,2.8,3.2,29.1,0.3109859782991522
Santi Aldama,23.0,MEM,10.7,5.8,2.3,26.5,0.30291426230681423
Jordan Poole,24.0,WAS,17.4,2.7,4.4,30.1,0.2934646556662744
Trey Murphy III,23.0,NOP,14.8,4.9,2.2,29.6,0.29317924969345144
Franz Wagner,22.0,ORL,19.7,5.3,3.7,32.5,0.2920927284303844
Anthony Edwards,22.0,MIN,25.9,5.4,5.1,35.1,0.28867119479791264
Darius Garland,24.0,CLE,18.0,2.7,6.5,33.4,0.28153391935794486
Aaron Nesmith,24.0,IND,12.2,3.8,1.5,27.7,0.26044730749729667
Paolo Banchero,21.0,ORL,22.6,6.9,5.4,35.0,0.2568947396340793
Jalen Williams,22.0,OKC,19.1,4.0,4.5,31.3,0.2524153962238424
Cade Cunningham,22.0,DET,22.7,4.3,7.5,33.5,0.23353342391092624
Alperen Sengun,21.0,HOU,21.1,9.3,5.0,32.5,0.2283196981701172
Immanuel Quickley,24.0,TOR,17.0,3.8,4.9,29.2,0.22493310485718077
Cam Thomas,22.0,BRK,22.5,3.2,2.9,31.4,0.2235456361416191
Luguentz Dort,24.0,OKC,10.9,3.6,1.4,28.4,0.22219475930524862
Jaren Jackson Jr.,24.0,MEM,22.5,5.5,2.3,32.2,0.2137537111136975
Deni Avdija,23.0,WAS,14.7,7.2,3.8,30.1,0.21333601482913592
Devin Vassell,23.0,SAS,19.5,3.8,4.1,33.1,0.21152983380585877
Jalen Johnson,22.0,ATL,16.0,8.7,3.6,33.7,0.20603184182810813
Scottie Barnes,22.0,TOR,19.9,8.2,6.1,34.9,0.20575084890703657
Nic Claxton,24.0,BRK,11.8,9.9,2.1,29.8,0.20206320169775716
Keegan Murray,23.0,SAC,15.2,5.5,1.7,33.6,0.19166894419195307
Tyler Herro,24.0,MIA,20.8,5.3,4.5,33.5,0.16854546098680515
Tyrese Haliburton,23.0,IND,20.1,3.9,10.9,32.2,0.16538934472205813
RJ Barrett,23.0,TOR,20.2,5.4,3.3,31.7,0.1564855429139681
Coby White,23.0,CHI,19.1,4.5,5.1,36.5,0.10701197993367143
Anfernee Simons,24.0,POR,22.6,3.6,5.5,34.4,0.1059367216262241
Tyrese Maxey,23.0,PHI,25.9,3.7,6.2,37.5,0.07705364488645561
